<metadata xml:lang="en"><Esri><CreaDate>20200220</CreaDate><CreaTime>10520200</CreaTime><ArcGISFormat>1.0</ArcGISFormat><SyncOnce>FALSE</SyncOnce><DataProperties><lineage><Process ToolSource="c:\users\ekv5\appdata\local\programs\arcgis\pro\Resources\ArcToolbox\toolboxes\Data Management Tools.tbx\RegisterWithGeodatabase" Date="20200220" Time="105202">RegisterWithGeodatabase D:\repos\svi_2018\svi_2018_update\arcgispro\SVI2018_data_processing\sde_grasp_svi_2018_SDE.sde\sde_grasp_svi_2018.sde.SVI2018_IOWA_county GRASP_ID Shape Polygon "GEOGCS['GCS_North_American_1983',DATUM['D_North_American_1983',SPHEROID['GRS_1980',6378137.0,298.257222101]],PRIMEM['Greenwich',0.0],UNIT['Degree',0.0174532925199433]];-400 -400 1000000000;-100000 10000;-100000 10000;8.98315284119521E-09;0.001;0.001;IsHighPrecision" #</Process><Process ToolSource="c:\users\ekv5\appdata\local\programs\arcgis\pro\Resources\ArcToolbox\toolboxes\Data Management Tools.tbx\CopyFeatures" Date="20200221" Time="191439">CopyFeatures C:\repos\SVI_2018\svi_2018_update\arcgispro\SVI2018_data_processing\sde_grasp_svi_2018_SDE.sde\sde_grasp_svi_2018.sde.SVI2018_IOWA_county \\cdc.gov\project\ATS_GIS_Store4\Projects\prj05700_SVI_2018_Update\Final_Products\website_downloads\SVI2018_IOWA_county\SVI2018_IOWA_county.shp # # # #</Process></lineage><itemProps><itemName Sync="TRUE">SVI2018_IOWA_county</itemName><nativeExtBox><westBL Sync="TRUE">-96.639704</westBL><eastBL Sync="TRUE">-90.140061</eastBL><southBL Sync="TRUE">40.375501</southBL><northBL Sync="TRUE">43.501196</northBL><exTypeCode Sync="TRUE">1</exTypeCode></nativeExtBox><itemLocation><linkage Sync="TRUE">file://\\cdc.gov\project\ATS_GIS_Store4\Projects\prj05700_SVI_2018_Update\Final_Products\website_downloads\SVI2018_IOWA_county\SVI2018_IOWA_county.shp</linkage><protocol Sync="TRUE">Local Area Network</protocol></itemLocation><imsContentType Sync="TRUE">002</imsContentType><itemSize Sync="TRUE">0.000</itemSize></itemProps><coordRef><type Sync="TRUE">Geographic</type><geogcsn Sync="TRUE">GCS_North_American_1983</geogcsn><csUnits Sync="TRUE">Angular Unit: Degree (0.017453)</csUnits><peXml Sync="TRUE">&lt;GeographicCoordinateSystem xsi:type='typens:GeographicCoordinateSystem' xmlns:xsi='http://www.w3.org/2001/XMLSchema-instance' xmlns:xs='http://www.w3.org/2001/XMLSchema' xmlns:typens='http://www.esri.com/schemas/ArcGIS/2.4.0'&gt;&lt;WKT&gt;GEOGCS[&amp;quot;GCS_North_American_1983&amp;quot;,DATUM[&amp;quot;D_North_American_1983&amp;quot;,SPHEROID[&amp;quot;GRS_1980&amp;quot;,6378137.0,298.257222101]],PRIMEM[&amp;quot;Greenwich&amp;quot;,0.0],UNIT[&amp;quot;Degree&amp;quot;,0.0174532925199433],AUTHORITY[&amp;quot;EPSG&amp;quot;,4269]]&lt;/WKT&gt;&lt;XOrigin&gt;-400&lt;/XOrigin&gt;&lt;YOrigin&gt;-400&lt;/YOrigin&gt;&lt;XYScale&gt;11258999068426.238&lt;/XYScale&gt;&lt;ZOrigin&gt;-100000&lt;/ZOrigin&gt;&lt;ZScale&gt;10000&lt;/ZScale&gt;&lt;MOrigin&gt;-100000&lt;/MOrigin&gt;&lt;MScale&gt;10000&lt;/MScale&gt;&lt;XYTolerance&gt;8.9831528411952133e-09&lt;/XYTolerance&gt;&lt;ZTolerance&gt;0.001&lt;/ZTolerance&gt;&lt;MTolerance&gt;0.001&lt;/MTolerance&gt;&lt;HighPrecision&gt;true&lt;/HighPrecision&gt;&lt;LeftLongitude&gt;-180&lt;/LeftLongitude&gt;&lt;WKID&gt;4269&lt;/WKID&gt;&lt;LatestWKID&gt;4269&lt;/LatestWKID&gt;&lt;/GeographicCoordinateSystem&gt;</peXml></coordRef></DataProperties><SyncDate>20200221</SyncDate><SyncTime>19143200</SyncTime><ModDate>20200221</ModDate><ModTime>19143200</ModTime><scaleRange><minScale>150000000</minScale><maxScale>5000</maxScale></scaleRange></Esri><mdLang><languageCode value="eng"/><countryCode value="USA" Sync="TRUE"/></mdLang><mdChar><CharSetCd value="004"/></mdChar><mdHrLv><ScopeCd value="005"/></mdHrLv><mdStanName>ArcGIS Metadata</mdStanName><mdStanVer>1.0</mdStanVer><dataIdInfo><idCitation><resAltTitle>Social Vulnerability Index 2018</resAltTitle><resEd>2018</resEd><citRespParty><rpIndName>svi_coordinator@cdc.gov</rpIndName><rpOrgName>Centers for Disease Control and Prevention/ Agency for Toxic Substances and Disease Registry/ Geospatial Research, Analysis, and Services Program</rpOrgName><role><RoleCd value="007"/></role></citRespParty><presForm><PresFormCd value="005"/></presForm><date><createDate>2020-02-20T00:00:00</createDate></date><datasetSeries><seriesName>Social Vulnerability Index</seriesName></datasetSeries><resTitle Sync="TRUE">SVI2018_IOWA_county</resTitle></idCitation><idAbs>&lt;DIV STYLE="text-align:Left;"&gt;&lt;DIV&gt;&lt;P&gt;&lt;SPAN&gt;See complete documentation here: http://gis.cdc.gov/grasp/svi/SVI2018Documentation.pdf. For additional questions, contact the SVI Lead at SVI_Coordinator@cdc.gov.&lt;/SPAN&gt;&lt;/P&gt;&lt;/DIV&gt;&lt;/DIV&gt;</idAbs><idPurp>CDC's Social Vulnerability Index (SVI) is a tool, created by the Geospatial Research, Analysis &amp; Services Program (GRASP), to help public health officials and emergency response planners identify and map the communities that will most likely need support before, during, and after a hazardous event. The tract-level SVI shows the relative vulnerability of the population of every U.S. Census tract. The county-level SVI shows the relative vulnerability of every U.S. county population. The SVI ranks tracts (or counties) on 15 social factors, described in detail in the documentation. The tract (or county) rankings for individual factors are further grouped into four related themes. Thus each enumeration unit receives a ranking for each Census variable and for each of the four themes, as well as an overall ranking.</idPurp><idCredit>CDC/ATSDR/Division of Toxicology and Human Health Sciences/Geospatial Research, Analysis &amp; Services Program</idCredit><idPoC><rpIndName>svi_coordinator@cdc.gov</rpIndName><rpOrgName>Centers for Disease Control and Prevention/ Agency for Toxic Substances and Disease Registry/ Geospatial Research, Analysis, and Services Program</rpOrgName><role><RoleCd value="007"/></role></idPoC><tempKeys><keyword>2018, 2014-2018</keyword></tempKeys><themeKeys><keyword>social vulnerability</keyword></themeKeys><searchKeys><keyword>2018</keyword><keyword>social vulnerability</keyword></searchKeys><spatRpType><SpatRepTypCd value="001"/></spatRpType><dataLang><languageCode value="eng"/><countryCode value="USA" Sync="TRUE"/></dataLang><dataChar><CharSetCd value="004"/></dataChar><dataExt><geoEle><GeoBndBox><exTypeCode>true</exTypeCode><westBL>-88.473227</westBL><eastBL>-84.88908</eastBL><southBL>30.223334</southBL><northBL>35.008028</northBL></GeoBndBox></geoEle></dataExt><tpCat><TopicCatCd value="009"/></tpCat><tpCat><TopicCatCd value="016"/></tpCat><envirDesc Sync="TRUE">Microsoft Windows 10 Version 10.0 (Build 17763) ; Esri ArcGIS 12.4.2.19948</envirDesc><dataExt><geoEle><GeoBndBox esriExtentType="search"><exTypeCode Sync="TRUE">1</exTypeCode><westBL Sync="TRUE">-96.639704</westBL><eastBL Sync="TRUE">-90.140061</eastBL><northBL Sync="TRUE">43.501196</northBL><southBL Sync="TRUE">40.375501</southBL></GeoBndBox></geoEle></dataExt></dataIdInfo><refSysInfo><RefSystem dimension="horizontal"><refSysID><identCode code="4269"/><idCodeSpace Sync="TRUE">EPSG</idCodeSpace><idVersion Sync="TRUE">6.12(3.0.1)</idVersion></refSysID></RefSystem></refSysInfo><eainfo><detailed Name="SVI2018_IOWA_county"><enttyp><enttypl Sync="TRUE">SVI2018_IOWA_county</enttypl><enttypt Sync="TRUE">Feature Class</enttypt><enttypc Sync="TRUE">0</enttypc></enttyp><attr><attrlabl Sync="TRUE">FID</attrlabl><attalias Sync="TRUE">FID</attalias><attrtype Sync="TRUE">OID</attrtype><attwidth Sync="TRUE">4</attwidth><atprecis Sync="TRUE">0</atprecis><attscale Sync="TRUE">0</attscale><attrdef Sync="TRUE">Internal feature number.</attrdef><attrdefs Sync="TRUE">Esri</attrdefs><attrdomv><udom Sync="TRUE">Sequential unique whole numbers that are automatically generated.</udom></attrdomv></attr><attr><attrlabl Sync="TRUE">ST</attrlabl><attalias Sync="TRUE">ST</attalias><attrtype Sync="TRUE">String</attrtype><attwidth Sync="TRUE">2</attwidth><atprecis Sync="TRUE">0</atprecis><attscale Sync="TRUE">0</attscale><attrdef>State-level FIPS code</attrdef></attr><attr><attrlabl Sync="TRUE">STATE</attrlabl><attalias Sync="TRUE">STATE</attalias><attrtype Sync="TRUE">String</attrtype><attwidth Sync="TRUE">254</attwidth><atprecis Sync="TRUE">0</atprecis><attscale Sync="TRUE">0</attscale><attrdef>State name</attrdef></attr><attr><attrlabl Sync="TRUE">ST_ABBR</attrlabl><attalias Sync="TRUE">ST_ABBR</attalias><attrtype Sync="TRUE">String</attrtype><attwidth Sync="TRUE">2</attwidth><atprecis Sync="TRUE">0</atprecis><attscale Sync="TRUE">0</attscale><attrdef>State abbreviation</attrdef></attr><attr><attrlabl Sync="TRUE">COUNTY</attrlabl><attalias Sync="TRUE">COUNTY</attalias><attrtype Sync="TRUE">String</attrtype><attwidth Sync="TRUE">254</attwidth><atprecis Sync="TRUE">0</atprecis><attscale Sync="TRUE">0</attscale><attrdef>County name</attrdef></attr><attr><attrlabl Sync="TRUE">FIPS</attrlabl><attalias Sync="TRUE">FIPS</attalias><attrtype Sync="TRUE">String</attrtype><attwidth Sync="TRUE">254</attwidth><atprecis Sync="TRUE">0</atprecis><attscale Sync="TRUE">0</attscale><attrdef>Tract-level FIPS code</attrdef></attr><attr><attrlabl Sync="TRUE">LOCATION</attrlabl><attalias Sync="TRUE">LOCATION</attalias><attrtype Sync="TRUE">String</attrtype><attwidth Sync="TRUE">254</attwidth><atprecis Sync="TRUE">0</atprecis><attscale Sync="TRUE">0</attscale><attrdef>Text description of tract, county, state</attrdef></attr><attr><attrlabl Sync="TRUE">AREA_SQMI</attrlabl><attalias Sync="TRUE">AREA_SQMI</attalias><attrtype Sync="TRUE">Double</attrtype><attwidth Sync="TRUE">19</attwidth><atprecis Sync="TRUE">0</atprecis><attscale Sync="TRUE">0</attscale><attrdef>Tract area in square miles</attrdef></attr><attr><attrlabl Sync="TRUE">E_TOTPOP</attrlabl><attalias Sync="TRUE">E_TOTPOP</attalias><attrtype Sync="TRUE">Integer</attrtype><attwidth Sync="TRUE">10</attwidth><atprecis Sync="TRUE">10</atprecis><attscale Sync="TRUE">0</attscale><attrdef>Population estimate, 2014-2018 ACS</attrdef></attr><attr><attrlabl Sync="TRUE">M_TOTPOP</attrlabl><attalias Sync="TRUE">M_TOTPOP</attalias><attrtype Sync="TRUE">Integer</attrtype><attwidth Sync="TRUE">10</attwidth><atprecis Sync="TRUE">10</atprecis><attscale Sync="TRUE">0</attscale><attrdef>Population estimate MOE, 2014-2018 ACS</attrdef></attr><attr><attrlabl Sync="TRUE">E_HU</attrlabl><attalias Sync="TRUE">E_HU</attalias><attrtype Sync="TRUE">Integer</attrtype><attwidth Sync="TRUE">10</attwidth><atprecis Sync="TRUE">10</atprecis><attscale Sync="TRUE">0</attscale><attrdef>Housing units estimate, 2014-2018 ACS</attrdef></attr><attr><attrlabl Sync="TRUE">M_HU</attrlabl><attalias Sync="TRUE">M_HU</attalias><attrtype Sync="TRUE">Integer</attrtype><attwidth Sync="TRUE">10</attwidth><atprecis Sync="TRUE">10</atprecis><attscale Sync="TRUE">0</attscale><attrdef>Housing units estimate MOE, 2014-2018 ACS</attrdef></attr><attr><attrlabl Sync="TRUE">E_HH</attrlabl><attalias Sync="TRUE">E_HH</attalias><attrtype Sync="TRUE">Integer</attrtype><attwidth Sync="TRUE">10</attwidth><atprecis Sync="TRUE">10</atprecis><attscale Sync="TRUE">0</attscale><attrdef>Households estimate, 2014-2018 ACS</attrdef></attr><attr><attrlabl Sync="TRUE">M_HH</attrlabl><attalias Sync="TRUE">M_HH</attalias><attrtype Sync="TRUE">Integer</attrtype><attwidth Sync="TRUE">10</attwidth><atprecis Sync="TRUE">10</atprecis><attscale Sync="TRUE">0</attscale><attrdef>Households estimate MOE, 2014-2018 ACS</attrdef></attr><attr><attrlabl Sync="TRUE">E_POV</attrlabl><attalias Sync="TRUE">E_POV</attalias><attrtype Sync="TRUE">Integer</attrtype><attwidth Sync="TRUE">10</attwidth><atprecis Sync="TRUE">10</atprecis><attscale Sync="TRUE">0</attscale><attrdef>Persons below poverty estimate, 2014-2018 ACS</attrdef></attr><attr><attrlabl Sync="TRUE">M_POV</attrlabl><attalias Sync="TRUE">M_POV</attalias><attrtype Sync="TRUE">Integer</attrtype><attwidth Sync="TRUE">10</attwidth><atprecis Sync="TRUE">10</atprecis><attscale Sync="TRUE">0</attscale><attrdef>Persons below poverty estimate MOE, 2014-2018 ACS</attrdef></attr><attr><attrlabl Sync="TRUE">E_UNEMP</attrlabl><attalias Sync="TRUE">E_UNEMP</attalias><attrtype Sync="TRUE">Integer</attrtype><attwidth Sync="TRUE">10</attwidth><atprecis Sync="TRUE">10</atprecis><attscale Sync="TRUE">0</attscale><attrdef>Civilian (age 16+) unemployed estimate, 2014-2018 ACS</attrdef></attr><attr><attrlabl Sync="TRUE">M_UNEMP</attrlabl><attalias Sync="TRUE">M_UNEMP</attalias><attrtype Sync="TRUE">Integer</attrtype><attwidth Sync="TRUE">10</attwidth><atprecis Sync="TRUE">10</atprecis><attscale Sync="TRUE">0</attscale><attrdef>Civilian (age 16+) unemployed estimate MOE, 2014-2018 ACS</attrdef></attr><attr><attrlabl Sync="TRUE">E_PCI</attrlabl><attalias Sync="TRUE">E_PCI</attalias><attrtype Sync="TRUE">Integer</attrtype><attwidth Sync="TRUE">10</attwidth><atprecis Sync="TRUE">10</atprecis><attscale Sync="TRUE">0</attscale><attrdef>Per capita income estimate, 2014-2018 ACS </attrdef></attr><attr><attrlabl Sync="TRUE">M_PCI</attrlabl><attalias Sync="TRUE">M_PCI</attalias><attrtype Sync="TRUE">Integer</attrtype><attwidth Sync="TRUE">10</attwidth><atprecis Sync="TRUE">10</atprecis><attscale Sync="TRUE">0</attscale><attrdef>Per capita income estimate MOE, 2014-2018 ACS</attrdef></attr><attr><attrlabl Sync="TRUE">E_NOHSDP</attrlabl><attalias Sync="TRUE">E_NOHSDP</attalias><attrtype Sync="TRUE">Integer</attrtype><attwidth Sync="TRUE">10</attwidth><atprecis Sync="TRUE">10</atprecis><attscale Sync="TRUE">0</attscale><attrdef>Persons (age 25+) with no high school diploma estimate, 2014-2018 ACS</attrdef></attr><attr><attrlabl Sync="TRUE">M_NOHSDP</attrlabl><attalias Sync="TRUE">M_NOHSDP</attalias><attrtype Sync="TRUE">Integer</attrtype><attwidth Sync="TRUE">10</attwidth><atprecis Sync="TRUE">10</atprecis><attscale Sync="TRUE">0</attscale><attrdef>Persons (age 25+) with no high school diploma estimate MOE, 2014-2018 ACS</attrdef></attr><attr><attrlabl Sync="TRUE">E_AGE65</attrlabl><attalias Sync="TRUE">E_AGE65</attalias><attrtype Sync="TRUE">Integer</attrtype><attwidth Sync="TRUE">10</attwidth><atprecis Sync="TRUE">10</atprecis><attscale Sync="TRUE">0</attscale><attrdef>Persons aged 65 and older estimate, 2014-2018 ACS</attrdef></attr><attr><attrlabl Sync="TRUE">M_AGE65</attrlabl><attalias Sync="TRUE">M_AGE65</attalias><attrtype Sync="TRUE">Integer</attrtype><attwidth Sync="TRUE">10</attwidth><atprecis Sync="TRUE">10</atprecis><attscale Sync="TRUE">0</attscale><attrdef>Persons aged 65 and older estimate MOE, 2014-2018 ACS</attrdef></attr><attr><attrlabl Sync="TRUE">E_AGE17</attrlabl><attalias Sync="TRUE">E_AGE17</attalias><attrtype Sync="TRUE">Integer</attrtype><attwidth Sync="TRUE">10</attwidth><atprecis Sync="TRUE">10</atprecis><attscale Sync="TRUE">0</attscale><attrdef>Persons aged 17 and younger estimate, 2014-2018 ACS</attrdef></attr><attr><attrlabl Sync="TRUE">M_AGE17</attrlabl><attalias Sync="TRUE">M_AGE17</attalias><attrtype Sync="TRUE">Integer</attrtype><attwidth Sync="TRUE">10</attwidth><atprecis Sync="TRUE">10</atprecis><attscale Sync="TRUE">0</attscale><attrdef>Persons aged 17 and younger estimate MOE, 2014-2018 ACS</attrdef></attr><attr><attrlabl Sync="TRUE">E_DISABL</attrlabl><attalias Sync="TRUE">E_DISABL</attalias><attrtype Sync="TRUE">Integer</attrtype><attwidth Sync="TRUE">10</attwidth><atprecis Sync="TRUE">10</atprecis><attscale Sync="TRUE">0</attscale><attrdef>Civilian noninstitutionalized population with a disability estimate, 2014-2018 ACS</attrdef></attr><attr><attrlabl Sync="TRUE">M_DISABL</attrlabl><attalias Sync="TRUE">M_DISABL</attalias><attrtype Sync="TRUE">Integer</attrtype><attwidth Sync="TRUE">10</attwidth><atprecis Sync="TRUE">10</atprecis><attscale Sync="TRUE">0</attscale><attrdef>Civilian noninstitutionalized population with a disability estimate MOE, 2014-2018 ACS</attrdef></attr><attr><attrlabl Sync="TRUE">E_SNGPNT</attrlabl><attalias Sync="TRUE">E_SNGPNT</attalias><attrtype Sync="TRUE">Integer</attrtype><attwidth Sync="TRUE">10</attwidth><atprecis Sync="TRUE">10</atprecis><attscale Sync="TRUE">0</attscale><attrdef>Single parent household with children under 18 estimate, 2014-2018 ACS</attrdef></attr><attr><attrlabl Sync="TRUE">M_SNGPNT</attrlabl><attalias Sync="TRUE">M_SNGPNT</attalias><attrtype Sync="TRUE">Integer</attrtype><attwidth Sync="TRUE">10</attwidth><atprecis Sync="TRUE">10</atprecis><attscale Sync="TRUE">0</attscale><attrdef>Single parent household with children under 18 estimate MOE, 2014-2018 ACS</attrdef></attr><attr><attrlabl Sync="TRUE">E_MINRTY</attrlabl><attalias Sync="TRUE">E_MINRTY</attalias><attrtype Sync="TRUE">Integer</attrtype><attwidth Sync="TRUE">10</attwidth><atprecis Sync="TRUE">10</atprecis><attscale Sync="TRUE">0</attscale><attrdef>Minority (all persons except white, non-Hispanic) estimate, 2014-2018 ACS</attrdef></attr><attr><attrlabl Sync="TRUE">M_MINRTY</attrlabl><attalias Sync="TRUE">M_MINRTY</attalias><attrtype Sync="TRUE">Integer</attrtype><attwidth Sync="TRUE">10</attwidth><atprecis Sync="TRUE">10</atprecis><attscale Sync="TRUE">0</attscale><attrdef>Minority (all persons except white, non-Hispanic) estimate MOE, 2014-2018 ACS</attrdef></attr><attr><attrlabl Sync="TRUE">E_LIMENG</attrlabl><attalias Sync="TRUE">E_LIMENG</attalias><attrtype Sync="TRUE">Integer</attrtype><attwidth Sync="TRUE">10</attwidth><atprecis Sync="TRUE">10</atprecis><attscale Sync="TRUE">0</attscale><attrdef>Persons (age 5+) who speak English "less than well" estimate, 2014-2018 ACS</attrdef></attr><attr><attrlabl Sync="TRUE">M_LIMENG</attrlabl><attalias Sync="TRUE">M_LIMENG</attalias><attrtype Sync="TRUE">Integer</attrtype><attwidth Sync="TRUE">10</attwidth><atprecis Sync="TRUE">10</atprecis><attscale Sync="TRUE">0</attscale><attrdef>Persons (age 5+) who speak English "less than well" estimate MOE, 2014-2018 ACS</attrdef></attr><attr><attrlabl Sync="TRUE">E_MUNIT</attrlabl><attalias Sync="TRUE">E_MUNIT</attalias><attrtype Sync="TRUE">Integer</attrtype><attwidth Sync="TRUE">10</attwidth><atprecis Sync="TRUE">10</atprecis><attscale Sync="TRUE">0</attscale><attrdef>Housing in structures with 10 or more units estimate, 2014-2018 ACS</attrdef></attr><attr><attrlabl Sync="TRUE">M_MUNIT</attrlabl><attalias Sync="TRUE">M_MUNIT</attalias><attrtype Sync="TRUE">Integer</attrtype><attwidth Sync="TRUE">10</attwidth><atprecis Sync="TRUE">10</atprecis><attscale Sync="TRUE">0</attscale><attrdef>Housing in structures with 10 or more units estimate MOE, 2014-2018 ACS</attrdef></attr><attr><attrlabl Sync="TRUE">E_MOBILE</attrlabl><attalias Sync="TRUE">E_MOBILE</attalias><attrtype Sync="TRUE">Integer</attrtype><attwidth Sync="TRUE">10</attwidth><atprecis Sync="TRUE">10</atprecis><attscale Sync="TRUE">0</attscale><attrdef>Mobile homes estimate, 2014-2018 ACS</attrdef></attr><attr><attrlabl Sync="TRUE">M_MOBILE</attrlabl><attalias Sync="TRUE">M_MOBILE</attalias><attrtype Sync="TRUE">Integer</attrtype><attwidth Sync="TRUE">10</attwidth><atprecis Sync="TRUE">10</atprecis><attscale Sync="TRUE">0</attscale><attrdef>Mobile homes estimate MOE, 2014-2018 ACS</attrdef></attr><attr><attrlabl Sync="TRUE">E_CROWD</attrlabl><attalias Sync="TRUE">E_CROWD</attalias><attrtype Sync="TRUE">Integer</attrtype><attwidth Sync="TRUE">10</attwidth><atprecis Sync="TRUE">10</atprecis><attscale Sync="TRUE">0</attscale><attrdef>At household level (occupied housing units), more people than rooms estimate, 2014-2018 ACS</attrdef></attr><attr><attrlabl Sync="TRUE">M_CROWD</attrlabl><attalias Sync="TRUE">M_CROWD</attalias><attrtype Sync="TRUE">Integer</attrtype><attwidth Sync="TRUE">10</attwidth><atprecis Sync="TRUE">10</atprecis><attscale Sync="TRUE">0</attscale><attrdef>At household level (occupied housing units), more people than rooms estimate MOE, 2014-2018 ACS</attrdef></attr><attr><attrlabl Sync="TRUE">E_NOVEH</attrlabl><attalias Sync="TRUE">E_NOVEH</attalias><attrtype Sync="TRUE">Integer</attrtype><attwidth Sync="TRUE">10</attwidth><atprecis Sync="TRUE">10</atprecis><attscale Sync="TRUE">0</attscale><attrdef>Households with no vehicle available estimate, 2014-2018 ACS</attrdef></attr><attr><attrlabl Sync="TRUE">M_NOVEH</attrlabl><attalias Sync="TRUE">M_NOVEH</attalias><attrtype Sync="TRUE">Integer</attrtype><attwidth Sync="TRUE">10</attwidth><atprecis Sync="TRUE">10</atprecis><attscale Sync="TRUE">0</attscale><attrdef>Households with no vehicle available estimate MOE, 2014-2018 ACS</attrdef></attr><attr><attrlabl Sync="TRUE">E_GROUPQ</attrlabl><attalias Sync="TRUE">E_GROUPQ</attalias><attrtype Sync="TRUE">Integer</attrtype><attwidth Sync="TRUE">10</attwidth><atprecis Sync="TRUE">10</atprecis><attscale Sync="TRUE">0</attscale><attrdef>Persons in institutionalized group quarters estimate, 2014-2018 ACS</attrdef></attr><attr><attrlabl Sync="TRUE">M_GROUPQ</attrlabl><attalias Sync="TRUE">M_GROUPQ</attalias><attrtype Sync="TRUE">Integer</attrtype><attwidth Sync="TRUE">10</attwidth><atprecis Sync="TRUE">10</atprecis><attscale Sync="TRUE">0</attscale><attrdef>Persons in institutionalized group quarters estimate MOE, 2014-2018 ACS</attrdef></attr><attr><attrlabl Sync="TRUE">EP_POV</attrlabl><attalias Sync="TRUE">EP_POV</attalias><attrtype Sync="TRUE">Double</attrtype><attwidth Sync="TRUE">19</attwidth><atprecis Sync="TRUE">18</atprecis><attscale Sync="TRUE">1</attscale><attrdef>Percentage of persons below poverty estimate</attrdef></attr><attr><attrlabl Sync="TRUE">MP_POV</attrlabl><attalias Sync="TRUE">MP_POV</attalias><attrtype Sync="TRUE">Double</attrtype><attwidth Sync="TRUE">19</attwidth><atprecis Sync="TRUE">18</atprecis><attscale Sync="TRUE">1</attscale><attrdef>Percentage of persons below poverty estimate MOE</attrdef></attr><attr><attrlabl Sync="TRUE">EP_UNEMP</attrlabl><attalias Sync="TRUE">EP_UNEMP</attalias><attrtype Sync="TRUE">Double</attrtype><attwidth Sync="TRUE">19</attwidth><atprecis Sync="TRUE">18</atprecis><attscale Sync="TRUE">1</attscale><attrdef>Unemployment Rate estimate</attrdef></attr><attr><attrlabl Sync="TRUE">MP_UNEMP</attrlabl><attalias Sync="TRUE">MP_UNEMP</attalias><attrtype Sync="TRUE">Double</attrtype><attwidth Sync="TRUE">19</attwidth><atprecis Sync="TRUE">18</atprecis><attscale Sync="TRUE">1</attscale><attrdef>Unemployment Rate estimate MOE </attrdef></attr><attr><attrlabl Sync="TRUE">EP_PCI</attrlabl><attalias Sync="TRUE">EP_PCI</attalias><attrtype Sync="TRUE">Double</attrtype><attwidth Sync="TRUE">19</attwidth><atprecis Sync="TRUE">18</atprecis><attscale Sync="TRUE">1</attscale><attrdef>Per capita income estimate, 2014-2018 ACS</attrdef></attr><attr><attrlabl Sync="TRUE">MP_PCI</attrlabl><attalias Sync="TRUE">MP_PCI</attalias><attrtype Sync="TRUE">Double</attrtype><attwidth Sync="TRUE">19</attwidth><atprecis Sync="TRUE">18</atprecis><attscale Sync="TRUE">1</attscale><attrdef>Per capita income estimate MOE, 2014-2018 ACS</attrdef></attr><attr><attrlabl Sync="TRUE">EP_NOHSDP</attrlabl><attalias Sync="TRUE">EP_NOHSDP</attalias><attrtype Sync="TRUE">Double</attrtype><attwidth Sync="TRUE">19</attwidth><atprecis Sync="TRUE">18</atprecis><attscale Sync="TRUE">1</attscale><attrdef>Percentage of persons with no high school diploma (age 25+) estimate</attrdef></attr><attr><attrlabl Sync="TRUE">MP_NOHSDP</attrlabl><attalias Sync="TRUE">MP_NOHSDP</attalias><attrtype Sync="TRUE">Double</attrtype><attwidth Sync="TRUE">19</attwidth><atprecis Sync="TRUE">18</atprecis><attscale Sync="TRUE">1</attscale><attrdef>Percentage of persons with no high school diploma (25+) estimate MOE</attrdef></attr><attr><attrlabl Sync="TRUE">EP_AGE65</attrlabl><attalias Sync="TRUE">EP_AGE65</attalias><attrtype Sync="TRUE">Double</attrtype><attwidth Sync="TRUE">19</attwidth><atprecis Sync="TRUE">18</atprecis><attscale Sync="TRUE">1</attscale><attrdef>Percentage of persons aged 65 and older estimate, 2014-2018 ACS</attrdef></attr><attr><attrlabl Sync="TRUE">MP_AGE65</attrlabl><attalias Sync="TRUE">MP_AGE65</attalias><attrtype Sync="TRUE">Double</attrtype><attwidth Sync="TRUE">19</attwidth><atprecis Sync="TRUE">18</atprecis><attscale Sync="TRUE">1</attscale><attrdef>Percentage of persons aged 65 and older estimate MOE, 2014-2018 ACS</attrdef></attr><attr><attrlabl Sync="TRUE">EP_AGE17</attrlabl><attalias Sync="TRUE">EP_AGE17</attalias><attrtype Sync="TRUE">Double</attrtype><attwidth Sync="TRUE">19</attwidth><atprecis Sync="TRUE">18</atprecis><attscale Sync="TRUE">1</attscale><attrdef>Percentage of persons aged 17 and younger estimate, 2014-2018 ACS</attrdef></attr><attr><attrlabl Sync="TRUE">MP_AGE17</attrlabl><attalias Sync="TRUE">MP_AGE17</attalias><attrtype Sync="TRUE">Double</attrtype><attwidth Sync="TRUE">19</attwidth><atprecis Sync="TRUE">18</atprecis><attscale Sync="TRUE">1</attscale><attrdef>Percentage of persons aged 17 and younger estimate MOE, 2014-2018 ACS</attrdef></attr><attr><attrlabl Sync="TRUE">EP_DISABL</attrlabl><attalias Sync="TRUE">EP_DISABL</attalias><attrtype Sync="TRUE">Double</attrtype><attwidth Sync="TRUE">19</attwidth><atprecis Sync="TRUE">18</atprecis><attscale Sync="TRUE">1</attscale><attrdef>Percentage of civilian noninstitutionalized population with a disability estimate, 2014-2018 ACS</attrdef></attr><attr><attrlabl Sync="TRUE">MP_DISABL</attrlabl><attalias Sync="TRUE">MP_DISABL</attalias><attrtype Sync="TRUE">Double</attrtype><attwidth Sync="TRUE">19</attwidth><atprecis Sync="TRUE">18</atprecis><attscale Sync="TRUE">1</attscale><attrdef>Percentage of civilian noninstitutionalized population with a disability estimate MOE, 2014-2018 ACS</attrdef></attr><attr><attrlabl Sync="TRUE">EP_SNGPNT</attrlabl><attalias Sync="TRUE">EP_SNGPNT</attalias><attrtype Sync="TRUE">Double</attrtype><attwidth Sync="TRUE">19</attwidth><atprecis Sync="TRUE">18</atprecis><attscale Sync="TRUE">1</attscale><attrdef>Percentage of single parent households with children under 18 estimate, 2014-2018 ACS</attrdef></attr><attr><attrlabl Sync="TRUE">MP_SNGPNT</attrlabl><attalias Sync="TRUE">MP_SNGPNT</attalias><attrtype Sync="TRUE">Double</attrtype><attwidth Sync="TRUE">19</attwidth><atprecis Sync="TRUE">18</atprecis><attscale Sync="TRUE">1</attscale><attrdef>Percentage of single parent households with children under 18 estimate MOE, 2014-2018 ACS</attrdef></attr><attr><attrlabl Sync="TRUE">EP_MINRTY</attrlabl><attalias Sync="TRUE">EP_MINRTY</attalias><attrtype Sync="TRUE">Double</attrtype><attwidth Sync="TRUE">19</attwidth><atprecis Sync="TRUE">18</atprecis><attscale Sync="TRUE">1</attscale><attrdef>Percentage minority (all persons except white, non-Hispanic) estimate, 2014-2018 ACS</attrdef></attr><attr><attrlabl Sync="TRUE">MP_MINRTY</attrlabl><attalias Sync="TRUE">MP_MINRTY</attalias><attrtype Sync="TRUE">Double</attrtype><attwidth Sync="TRUE">19</attwidth><atprecis Sync="TRUE">18</atprecis><attscale Sync="TRUE">1</attscale><attrdef>Percentage minority (all persons except white, non-Hispanic) estimate MOE, 2014-2018 ACS</attrdef></attr><attr><attrlabl Sync="TRUE">EP_LIMENG</attrlabl><attalias Sync="TRUE">EP_LIMENG</attalias><attrtype Sync="TRUE">Double</attrtype><attwidth Sync="TRUE">19</attwidth><atprecis Sync="TRUE">18</atprecis><attscale Sync="TRUE">1</attscale><attrdef>Percentage of persons (age 5+) who speak English "less than well" estimate, 2014-2018 ACS</attrdef></attr><attr><attrlabl Sync="TRUE">MP_LIMENG</attrlabl><attalias Sync="TRUE">MP_LIMENG</attalias><attrtype Sync="TRUE">Double</attrtype><attwidth Sync="TRUE">19</attwidth><atprecis Sync="TRUE">18</atprecis><attscale Sync="TRUE">1</attscale><attrdef>Percentage of persons (age 5+) who speak English "less than well" estimate MOE, 2014-2018 ACS</attrdef></attr><attr><attrlabl Sync="TRUE">EP_MUNIT</attrlabl><attalias Sync="TRUE">EP_MUNIT</attalias><attrtype Sync="TRUE">Double</attrtype><attwidth Sync="TRUE">19</attwidth><atprecis Sync="TRUE">18</atprecis><attscale Sync="TRUE">1</attscale><attrdef>Percentage of housing in structures with 10 or more units estimate</attrdef></attr><attr><attrlabl Sync="TRUE">MP_MUNIT</attrlabl><attalias Sync="TRUE">MP_MUNIT</attalias><attrtype Sync="TRUE">Double</attrtype><attwidth Sync="TRUE">19</attwidth><atprecis Sync="TRUE">18</atprecis><attscale Sync="TRUE">1</attscale><attrdef>Percentage of housing in structures with 10 or more units estimate MOE</attrdef></attr><attr><attrlabl Sync="TRUE">EP_MOBILE</attrlabl><attalias Sync="TRUE">EP_MOBILE</attalias><attrtype Sync="TRUE">Double</attrtype><attwidth Sync="TRUE">19</attwidth><atprecis Sync="TRUE">18</atprecis><attscale Sync="TRUE">1</attscale><attrdef>Percentage of mobile homes estimate</attrdef></attr><attr><attrlabl Sync="TRUE">MP_MOBILE</attrlabl><attalias Sync="TRUE">MP_MOBILE</attalias><attrtype Sync="TRUE">Double</attrtype><attwidth Sync="TRUE">19</attwidth><atprecis Sync="TRUE">18</atprecis><attscale Sync="TRUE">1</attscale><attrdef>Percentage of mobile homes estimate MOE</attrdef></attr><attr><attrlabl Sync="TRUE">EP_CROWD</attrlabl><attalias Sync="TRUE">EP_CROWD</attalias><attrtype Sync="TRUE">Double</attrtype><attwidth Sync="TRUE">19</attwidth><atprecis Sync="TRUE">18</atprecis><attscale Sync="TRUE">1</attscale><attrdef>Percentage of occupied housing units with more people than rooms estimate</attrdef></attr><attr><attrlabl Sync="TRUE">MP_CROWD</attrlabl><attalias Sync="TRUE">MP_CROWD</attalias><attrtype Sync="TRUE">Double</attrtype><attwidth Sync="TRUE">19</attwidth><atprecis Sync="TRUE">18</atprecis><attscale Sync="TRUE">1</attscale><attrdef>Percentage of occupied housing units with more people than rooms estimate MOE</attrdef></attr><attr><attrlabl Sync="TRUE">EP_NOVEH</attrlabl><attalias Sync="TRUE">EP_NOVEH</attalias><attrtype Sync="TRUE">Double</attrtype><attwidth Sync="TRUE">19</attwidth><atprecis Sync="TRUE">18</atprecis><attscale Sync="TRUE">1</attscale><attrdef>Percentage of households with no vehicle available estimate</attrdef></attr><attr><attrlabl Sync="TRUE">MP_NOVEH</attrlabl><attalias Sync="TRUE">MP_NOVEH</attalias><attrtype Sync="TRUE">Double</attrtype><attwidth Sync="TRUE">19</attwidth><atprecis Sync="TRUE">18</atprecis><attscale Sync="TRUE">1</attscale><attrdef>Percentage of households with no vehicle available estimate MOE</attrdef></attr><attr><attrlabl Sync="TRUE">EP_GROUPQ</attrlabl><attalias Sync="TRUE">EP_GROUPQ</attalias><attrtype Sync="TRUE">Double</attrtype><attwidth Sync="TRUE">19</attwidth><atprecis Sync="TRUE">18</atprecis><attscale Sync="TRUE">1</attscale><attrdef>Percentage of persons in institutionalized group quarters estimate, 2014-2018 ACS</attrdef></attr><attr><attrlabl Sync="TRUE">MP_GROUPQ</attrlabl><attalias Sync="TRUE">MP_GROUPQ</attalias><attrtype Sync="TRUE">Double</attrtype><attwidth Sync="TRUE">19</attwidth><atprecis Sync="TRUE">18</atprecis><attscale Sync="TRUE">1</attscale><attrdef>Percentage of persons in institutionalized group quarters estimate MOE, 2014-2018 ACS</attrdef></attr><attr><attrlabl Sync="TRUE">EPL_POV</attrlabl><attalias Sync="TRUE">EPL_POV</attalias><attrtype Sync="TRUE">Double</attrtype><attwidth Sync="TRUE">19</attwidth><atprecis Sync="TRUE">18</atprecis><attscale Sync="TRUE">4</attscale><attrdef>Percentile Percentage of persons below poverty estimate</attrdef></attr><attr><attrlabl Sync="TRUE">EPL_UNEMP</attrlabl><attalias Sync="TRUE">EPL_UNEMP</attalias><attrtype Sync="TRUE">Double</attrtype><attwidth Sync="TRUE">19</attwidth><atprecis Sync="TRUE">18</atprecis><attscale Sync="TRUE">4</attscale><attrdef>Percentile Percentage of civilian (age 16+) unemployed estimate</attrdef></attr><attr><attrlabl Sync="TRUE">EPL_PCI</attrlabl><attalias Sync="TRUE">EPL_PCI</attalias><attrtype Sync="TRUE">Double</attrtype><attwidth Sync="TRUE">19</attwidth><atprecis Sync="TRUE">18</atprecis><attscale Sync="TRUE">4</attscale><attrdef>Percentile per capita income estimate</attrdef></attr><attr><attrlabl Sync="TRUE">EPL_NOHSDP</attrlabl><attalias Sync="TRUE">EPL_NOHSDP</attalias><attrtype Sync="TRUE">Double</attrtype><attwidth Sync="TRUE">19</attwidth><atprecis Sync="TRUE">18</atprecis><attscale Sync="TRUE">4</attscale><attrdef>Percentile Percentage of persons with no high school diploma (age 25+) estimate</attrdef></attr><attr><attrlabl Sync="TRUE">SPL_THEME1</attrlabl><attalias Sync="TRUE">SPL_THEME1</attalias><attrtype Sync="TRUE">Double</attrtype><attwidth Sync="TRUE">19</attwidth><atprecis Sync="TRUE">18</atprecis><attscale Sync="TRUE">4</attscale><attrdef>Sum of series for Socioeconomic theme</attrdef></attr><attr><attrlabl Sync="TRUE">RPL_THEME1</attrlabl><attalias Sync="TRUE">RPL_THEME1</attalias><attrtype Sync="TRUE">Double</attrtype><attwidth Sync="TRUE">19</attwidth><atprecis Sync="TRUE">18</atprecis><attscale Sync="TRUE">4</attscale><attrdef>Percentile ranking for Socioeconomic theme summary</attrdef></attr><attr><attrlabl Sync="TRUE">EPL_AGE65</attrlabl><attalias Sync="TRUE">EPL_AGE65</attalias><attrtype Sync="TRUE">Double</attrtype><attwidth Sync="TRUE">19</attwidth><atprecis Sync="TRUE">18</atprecis><attscale Sync="TRUE">4</attscale><attrdef>Percentile percentage of persons aged 65 and older estimate</attrdef></attr><attr><attrlabl Sync="TRUE">EPL_AGE17</attrlabl><attalias Sync="TRUE">EPL_AGE17</attalias><attrtype Sync="TRUE">Double</attrtype><attwidth Sync="TRUE">19</attwidth><atprecis Sync="TRUE">18</atprecis><attscale Sync="TRUE">4</attscale><attrdef>Percentile percentage of persons aged 17 and younger estimate</attrdef></attr><attr><attrlabl Sync="TRUE">EPL_DISABL</attrlabl><attalias Sync="TRUE">EPL_DISABL</attalias><attrtype Sync="TRUE">Double</attrtype><attwidth Sync="TRUE">19</attwidth><atprecis Sync="TRUE">18</atprecis><attscale Sync="TRUE">4</attscale><attrdef>Percentile percentage of civilian noninstitutionalized population with a disability estimate</attrdef></attr><attr><attrlabl Sync="TRUE">EPL_SNGPNT</attrlabl><attalias Sync="TRUE">EPL_SNGPNT</attalias><attrtype Sync="TRUE">Double</attrtype><attwidth Sync="TRUE">19</attwidth><atprecis Sync="TRUE">18</atprecis><attscale Sync="TRUE">4</attscale><attrdef>Percentile percentage of single parent households with children under 18 estimate</attrdef></attr><attr><attrlabl Sync="TRUE">SPL_THEME2</attrlabl><attalias Sync="TRUE">SPL_THEME2</attalias><attrtype Sync="TRUE">Double</attrtype><attwidth Sync="TRUE">19</attwidth><atprecis Sync="TRUE">18</atprecis><attscale Sync="TRUE">4</attscale><attrdef>Sum of series for Household Composition theme</attrdef></attr><attr><attrlabl Sync="TRUE">RPL_THEME2</attrlabl><attalias Sync="TRUE">RPL_THEME2</attalias><attrtype Sync="TRUE">Double</attrtype><attwidth Sync="TRUE">19</attwidth><atprecis Sync="TRUE">18</atprecis><attscale Sync="TRUE">4</attscale><attrdef>Percentile ranking for Household Composition theme summary</attrdef></attr><attr><attrlabl Sync="TRUE">EPL_MINRTY</attrlabl><attalias Sync="TRUE">EPL_MINRTY</attalias><attrtype Sync="TRUE">Double</attrtype><attwidth Sync="TRUE">19</attwidth><atprecis Sync="TRUE">18</atprecis><attscale Sync="TRUE">4</attscale><attrdef>Percentile percentage minority (all persons except white, non-Hispanic) estimate</attrdef></attr><attr><attrlabl Sync="TRUE">EPL_LIMENG</attrlabl><attalias Sync="TRUE">EPL_LIMENG</attalias><attrtype Sync="TRUE">Double</attrtype><attwidth Sync="TRUE">19</attwidth><atprecis Sync="TRUE">18</atprecis><attscale Sync="TRUE">4</attscale><attrdef>Percentile percentage of persons (age 5+) who speak English "less than well" estimate</attrdef></attr><attr><attrlabl Sync="TRUE">SPL_THEME3</attrlabl><attalias Sync="TRUE">SPL_THEME3</attalias><attrtype Sync="TRUE">Double</attrtype><attwidth Sync="TRUE">19</attwidth><atprecis Sync="TRUE">18</atprecis><attscale Sync="TRUE">4</attscale><attrdef>Sum of series for Minority Status/Language theme</attrdef></attr><attr><attrlabl Sync="TRUE">RPL_THEME3</attrlabl><attalias Sync="TRUE">RPL_THEME3</attalias><attrtype Sync="TRUE">Double</attrtype><attwidth Sync="TRUE">19</attwidth><atprecis Sync="TRUE">18</atprecis><attscale Sync="TRUE">4</attscale><attrdef>Percentile ranking for Minority Status/Language theme</attrdef></attr><attr><attrlabl Sync="TRUE">EPL_MUNIT</attrlabl><attalias Sync="TRUE">EPL_MUNIT</attalias><attrtype Sync="TRUE">Double</attrtype><attwidth Sync="TRUE">19</attwidth><atprecis Sync="TRUE">18</atprecis><attscale Sync="TRUE">4</attscale><attrdef>Percentile percentage housing in structures with 10 or more units estimate</attrdef></attr><attr><attrlabl Sync="TRUE">EPL_MOBILE</attrlabl><attalias Sync="TRUE">EPL_MOBILE</attalias><attrtype Sync="TRUE">Double</attrtype><attwidth Sync="TRUE">19</attwidth><atprecis Sync="TRUE">18</atprecis><attscale Sync="TRUE">4</attscale><attrdef>Percentile percentage mobile homes estimate</attrdef></attr><attr><attrlabl Sync="TRUE">EPL_CROWD</attrlabl><attalias Sync="TRUE">EPL_CROWD</attalias><attrtype Sync="TRUE">Double</attrtype><attwidth Sync="TRUE">19</attwidth><atprecis Sync="TRUE">18</atprecis><attscale Sync="TRUE">4</attscale><attrdef>Percentile percentage households with more people than rooms estimate</attrdef></attr><attr><attrlabl Sync="TRUE">EPL_NOVEH</attrlabl><attalias Sync="TRUE">EPL_NOVEH</attalias><attrtype Sync="TRUE">Double</attrtype><attwidth Sync="TRUE">19</attwidth><atprecis Sync="TRUE">18</atprecis><attscale Sync="TRUE">4</attscale><attrdef>Percentile percentage households with no vehicle available estimate</attrdef></attr><attr><attrlabl Sync="TRUE">EPL_GROUPQ</attrlabl><attalias Sync="TRUE">EPL_GROUPQ</attalias><attrtype Sync="TRUE">Double</attrtype><attwidth Sync="TRUE">19</attwidth><atprecis Sync="TRUE">18</atprecis><attscale Sync="TRUE">4</attscale><attrdef>Percentile percentage of persons in institutionalized group quarters estimate</attrdef></attr><attr><attrlabl Sync="TRUE">SPL_THEME4</attrlabl><attalias Sync="TRUE">SPL_THEME4</attalias><attrtype Sync="TRUE">Double</attrtype><attwidth Sync="TRUE">19</attwidth><atprecis Sync="TRUE">18</atprecis><attscale Sync="TRUE">4</attscale><attrdef>Sum of series for Housing Type/Transportation theme
</attrdef></attr><attr><attrlabl Sync="TRUE">RPL_THEME4</attrlabl><attalias Sync="TRUE">RPL_THEME4</attalias><attrtype Sync="TRUE">Double</attrtype><attwidth Sync="TRUE">19</attwidth><atprecis Sync="TRUE">18</atprecis><attscale Sync="TRUE">4</attscale><attrdef>Percentile ranking for Housing Type/Transportation theme
</attrdef></attr><attr><attrlabl Sync="TRUE">SPL_THEMES</attrlabl><attalias Sync="TRUE">SPL_THEMES</attalias><attrtype Sync="TRUE">Double</attrtype><attwidth Sync="TRUE">19</attwidth><atprecis Sync="TRUE">18</atprecis><attscale Sync="TRUE">4</attscale><attrdef>Sum of series themes</attrdef></attr><attr><attrlabl Sync="TRUE">RPL_THEMES</attrlabl><attalias Sync="TRUE">RPL_THEMES</attalias><attrtype Sync="TRUE">Double</attrtype><attwidth Sync="TRUE">19</attwidth><atprecis Sync="TRUE">18</atprecis><attscale Sync="TRUE">4</attscale><attrdef>Overall percentile ranking</attrdef></attr><attr><attrlabl Sync="TRUE">F_POV</attrlabl><attalias Sync="TRUE">F_POV</attalias><attrtype Sync="TRUE">Integer</attrtype><attwidth Sync="TRUE">5</attwidth><atprecis Sync="TRUE">5</atprecis><attscale Sync="TRUE">0</attscale><attrdef>Flag - the percentage of persons in poverty is in the 90th percentile (1 = yes, 0 = no)</attrdef></attr><attr><attrlabl Sync="TRUE">F_UNEMP</attrlabl><attalias Sync="TRUE">F_UNEMP</attalias><attrtype Sync="TRUE">Integer</attrtype><attwidth Sync="TRUE">5</attwidth><atprecis Sync="TRUE">5</atprecis><attscale Sync="TRUE">0</attscale><attrdef>Flag - the percentage of civilian unemployed is in the 90th percentile (1 = yes, 0 = no)</attrdef></attr><attr><attrlabl Sync="TRUE">F_PCI</attrlabl><attalias Sync="TRUE">F_PCI</attalias><attrtype Sync="TRUE">Integer</attrtype><attwidth Sync="TRUE">5</attwidth><atprecis Sync="TRUE">5</atprecis><attscale Sync="TRUE">0</attscale><attrdef>Flag - per capita income is in the 90th percentile (1 = yes, 0 = no)</attrdef></attr><attr><attrlabl Sync="TRUE">F_NOHSDP</attrlabl><attalias Sync="TRUE">F_NOHSDP</attalias><attrtype Sync="TRUE">Integer</attrtype><attwidth Sync="TRUE">5</attwidth><atprecis Sync="TRUE">5</atprecis><attscale Sync="TRUE">0</attscale><attrdef>Flag - the percentage of persons with no high school diploma is in the 90th percentile (1 = yes, 0 = no)</attrdef></attr><attr><attrlabl Sync="TRUE">F_THEME1</attrlabl><attalias Sync="TRUE">F_THEME1</attalias><attrtype Sync="TRUE">Integer</attrtype><attwidth Sync="TRUE">5</attwidth><atprecis Sync="TRUE">5</atprecis><attscale Sync="TRUE">0</attscale><attrdef>Sum of flags for Socioeconomic Status theme</attrdef></attr><attr><attrlabl Sync="TRUE">F_AGE65</attrlabl><attalias Sync="TRUE">F_AGE65</attalias><attrtype Sync="TRUE">Integer</attrtype><attwidth Sync="TRUE">5</attwidth><atprecis Sync="TRUE">5</atprecis><attscale Sync="TRUE">0</attscale><attrdef>Flag - the percentage of persons aged 65 and older is in the 90th percentile (1 = yes, 0 = no)</attrdef></attr><attr><attrlabl Sync="TRUE">F_AGE17</attrlabl><attalias Sync="TRUE">F_AGE17</attalias><attrtype Sync="TRUE">Integer</attrtype><attwidth Sync="TRUE">5</attwidth><atprecis Sync="TRUE">5</atprecis><attscale Sync="TRUE">0</attscale><attrdef>Flag - the percentage of persons aged 17 and younger is in the 90th percentile (1 = yes, 0 = no)</attrdef></attr><attr><attrlabl Sync="TRUE">F_DISABL</attrlabl><attalias Sync="TRUE">F_DISABL</attalias><attrtype Sync="TRUE">Integer</attrtype><attwidth Sync="TRUE">5</attwidth><atprecis Sync="TRUE">5</atprecis><attscale Sync="TRUE">0</attscale><attrdef>Flag - the percentage of persons with a disability is in the 90th percentile (1 = yes, 0 = no)</attrdef></attr><attr><attrlabl Sync="TRUE">F_SNGPNT</attrlabl><attalias Sync="TRUE">F_SNGPNT</attalias><attrtype Sync="TRUE">Integer</attrtype><attwidth Sync="TRUE">5</attwidth><atprecis Sync="TRUE">5</atprecis><attscale Sync="TRUE">0</attscale><attrdef>Flag - the percentage of single parent households is in the 90th percentile (1 = yes, 0 = no)</attrdef></attr><attr><attrlabl Sync="TRUE">F_THEME2</attrlabl><attalias Sync="TRUE">F_THEME2</attalias><attrtype Sync="TRUE">Integer</attrtype><attwidth Sync="TRUE">5</attwidth><atprecis Sync="TRUE">5</atprecis><attscale Sync="TRUE">0</attscale><attrdef>Sum of flags for Household Composition theme</attrdef></attr><attr><attrlabl Sync="TRUE">F_MINRTY</attrlabl><attalias Sync="TRUE">F_MINRTY</attalias><attrtype Sync="TRUE">Integer</attrtype><attwidth Sync="TRUE">5</attwidth><atprecis Sync="TRUE">5</atprecis><attscale Sync="TRUE">0</attscale><attrdef>Flag - the percentage of minority is in the 90th percentile (1 = yes, 0 = no)</attrdef></attr><attr><attrlabl Sync="TRUE">F_LIMENG</attrlabl><attalias Sync="TRUE">F_LIMENG</attalias><attrtype Sync="TRUE">Integer</attrtype><attwidth Sync="TRUE">5</attwidth><atprecis Sync="TRUE">5</atprecis><attscale Sync="TRUE">0</attscale><attrdef>Flag - the percentage those with limited English is in the 90th percentile (1 = yes, 0 = no)</attrdef></attr><attr><attrlabl Sync="TRUE">F_THEME3</attrlabl><attalias Sync="TRUE">F_THEME3</attalias><attrtype Sync="TRUE">Integer</attrtype><attwidth Sync="TRUE">5</attwidth><atprecis Sync="TRUE">5</atprecis><attscale Sync="TRUE">0</attscale><attrdef>Sum of flags for Minority Status/Language theme</attrdef></attr><attr><attrlabl Sync="TRUE">F_MUNIT</attrlabl><attalias Sync="TRUE">F_MUNIT</attalias><attrtype Sync="TRUE">Integer</attrtype><attwidth Sync="TRUE">5</attwidth><atprecis Sync="TRUE">5</atprecis><attscale Sync="TRUE">0</attscale><attrdef>Flag - the percentage of households in multi-unit housing is in the 90th percentile (1 = yes, 0 = no)</attrdef></attr><attr><attrlabl Sync="TRUE">F_MOBILE</attrlabl><attalias Sync="TRUE">F_MOBILE</attalias><attrtype Sync="TRUE">Integer</attrtype><attwidth Sync="TRUE">5</attwidth><atprecis Sync="TRUE">5</atprecis><attscale Sync="TRUE">0</attscale><attrdef>Flag - the percentage of mobile homes is in the 90th percentile (1 = yes, 0 = no) </attrdef></attr><attr><attrlabl Sync="TRUE">F_CROWD</attrlabl><attalias Sync="TRUE">F_CROWD</attalias><attrtype Sync="TRUE">Integer</attrtype><attwidth Sync="TRUE">5</attwidth><atprecis Sync="TRUE">5</atprecis><attscale Sync="TRUE">0</attscale><attrdef>Flag - the percentage of crowded households is in the 90th percentile (1 = yes, 0 = no) </attrdef></attr><attr><attrlabl Sync="TRUE">F_NOVEH</attrlabl><attalias Sync="TRUE">F_NOVEH</attalias><attrtype Sync="TRUE">Integer</attrtype><attwidth Sync="TRUE">5</attwidth><atprecis Sync="TRUE">5</atprecis><attscale Sync="TRUE">0</attscale><attrdef>Flag - the percentage of households with no vehicles is in the 90th percentile (1 = yes, 0 = no)</attrdef></attr><attr><attrlabl Sync="TRUE">F_GROUPQ</attrlabl><attalias Sync="TRUE">F_GROUPQ</attalias><attrtype Sync="TRUE">Integer</attrtype><attwidth Sync="TRUE">5</attwidth><atprecis Sync="TRUE">5</atprecis><attscale Sync="TRUE">0</attscale><attrdef>Flag - the percentage of persons in institutionalized group quarters is in the 90th percentile (1 = yes, 0 = no)</attrdef></attr><attr><attrlabl Sync="TRUE">F_THEME4</attrlabl><attalias Sync="TRUE">F_THEME4</attalias><attrtype Sync="TRUE">Integer</attrtype><attwidth Sync="TRUE">5</attwidth><atprecis Sync="TRUE">5</atprecis><attscale Sync="TRUE">0</attscale><attrdef>Sum of flags for Housing Type/Transportation theme
</attrdef></attr><attr><attrlabl Sync="TRUE">F_TOTAL</attrlabl><attalias Sync="TRUE">F_TOTAL</attalias><attrtype Sync="TRUE">Integer</attrtype><attwidth Sync="TRUE">5</attwidth><atprecis Sync="TRUE">5</atprecis><attscale Sync="TRUE">0</attscale><attrdef>Sum of flags for the four themes</attrdef></attr><attr><attrlabl Sync="TRUE">E_UNINSUR</attrlabl><attalias Sync="TRUE">E_UNINSUR</attalias><attrtype Sync="TRUE">Integer</attrtype><attwidth Sync="TRUE">10</attwidth><atprecis Sync="TRUE">10</atprecis><attscale Sync="TRUE">0</attscale><attrdef>Adjunct variable - Uninsured in the total civilian noninstitutionalized population estimate, 2014-2018 ACS</attrdef></attr><attr><attrlabl Sync="TRUE">M_UNINSUR</attrlabl><attalias Sync="TRUE">M_UNINSUR</attalias><attrtype Sync="TRUE">Integer</attrtype><attwidth Sync="TRUE">10</attwidth><atprecis Sync="TRUE">10</atprecis><attscale Sync="TRUE">0</attscale><attrdef>Adjunct variable - Uninsured in the total civilian noninstitutionalized population estimate MOE, 2014-2018 ACS</attrdef></attr><attr><attrlabl Sync="TRUE">EP_UNINSUR</attrlabl><attalias Sync="TRUE">EP_UNINSUR</attalias><attrtype Sync="TRUE">Double</attrtype><attwidth Sync="TRUE">19</attwidth><atprecis Sync="TRUE">18</atprecis><attscale Sync="TRUE">1</attscale><attrdef>Adjunct variable - Percentage uninsured in the total civilian noninstitutionalized population estimate, 2014-2018 ACS</attrdef></attr><attr><attrlabl Sync="TRUE">MP_UNINSUR</attrlabl><attalias Sync="TRUE">MP_UNINSUR</attalias><attrtype Sync="TRUE">Double</attrtype><attwidth Sync="TRUE">19</attwidth><atprecis Sync="TRUE">18</atprecis><attscale Sync="TRUE">1</attscale><attrdef>Adjunct variable - Percentage uninsured in the total civilian noninstitutionalized population estimate MOE, 2014-2018 ACS</attrdef></attr><attr><attrlabl Sync="TRUE">E_DAYPOP</attrlabl><attalias Sync="TRUE">E_DAYPOP</attalias><attrtype Sync="TRUE">Integer</attrtype><attwidth Sync="TRUE">10</attwidth><atprecis Sync="TRUE">10</atprecis><attscale Sync="TRUE">0</attscale><attrdef>Adjunct variable - Estimated daytime population, LandScan 2018</attrdef></attr><attr><attrlabl Sync="TRUE">Shape</attrlabl><attalias Sync="TRUE">Shape</attalias><attrtype Sync="TRUE">Geometry</attrtype><attwidth Sync="TRUE">0</attwidth><atprecis Sync="TRUE">0</atprecis><attscale Sync="TRUE">0</attscale><attrdef Sync="TRUE">Feature geometry.</attrdef><attrdefs Sync="TRUE">Esri</attrdefs><attrdomv><udom Sync="TRUE">Coordinates defining the features.</udom></attrdomv></attr><attr><attrlabl Sync="TRUE">Shape_STAr</attrlabl><attalias Sync="TRUE">Shape_STAr</attalias><attrtype Sync="TRUE">Double</attrtype><attwidth Sync="TRUE">19</attwidth><atprecis Sync="TRUE">0</atprecis><attscale Sync="TRUE">0</attscale></attr><attr><attrlabl Sync="TRUE">Shape_STLe</attrlabl><attalias Sync="TRUE">Shape_STLe</attalias><attrtype Sync="TRUE">Double</attrtype><attwidth Sync="TRUE">19</attwidth><atprecis Sync="TRUE">0</atprecis><attscale Sync="TRUE">0</attscale></attr></detailed></eainfo><distInfo><distFormat><formatName Sync="TRUE">Shapefile</formatName></distFormat><distTranOps><transSize Sync="TRUE">0.000</transSize></distTranOps></distInfo><mdHrLvName Sync="TRUE">dataset</mdHrLvName><spatRepInfo><VectSpatRep><geometObjs Name="SVI2018_IOWA_county"><geoObjTyp><GeoObjTypCd value="002" Sync="TRUE"></GeoObjTypCd></geoObjTyp><geoObjCnt Sync="TRUE">0</geoObjCnt></geometObjs><topLvl><TopoLevCd value="001" Sync="TRUE"></TopoLevCd></topLvl></VectSpatRep></spatRepInfo><spdoinfo><ptvctinf><esriterm Name="SVI2018_IOWA_county"><efeatyp Sync="TRUE">Simple</efeatyp><efeageom code="4" Sync="TRUE"></efeageom><esritopo Sync="TRUE">FALSE</esritopo><efeacnt Sync="TRUE">0</efeacnt><spindex Sync="TRUE">FALSE</spindex><linrefer Sync="TRUE">FALSE</linrefer></esriterm></ptvctinf></spdoinfo><mdDateSt Sync="TRUE">20200221</mdDateSt></metadata>
